<?xml version='1.0' encoding='UTF-8'?>
<widget xmlns="http://www.w3.org/ns/widgets" xmlns:intelxdk="http://xdk.intel.com/ns/v1" id="com.com.lighttheremin" version="3.03" android-versionCode="9">
<!--This file is generated by the Intel XDK. Do not edit this file as your edits will be lost.           -->
<!--To change the contents of this file, see the documentation on the intelxdk.config.additions.xml file.-->
<intelxdk:version value="1.1"/>
<intelxdk:cordova-cli version="6.2.0"/>
<name>Light Theremin</name>
<author>Johnny Tal</author>
<content src="index.html"/>
<access origin="*"/>
<icon platform="android" src="package-assets/96x96.png" density="xhdpi" width="96" height="96"/>
<icon platform="android" src="package-assets/72x72.png" density="hdpi" width="72" height="72"/>
<icon platform="android" src="package-assets/48x48.png" density="mdpi" width="48" height="48"/>
<icon platform="android" src="package-assets/36x36.png" density="ldpi" width="36" height="36"/>
<splash platform="android" src="package-assets/splashxhdpi.png" density="xhdpi" width="720" height="960" orientation="portrait"/>
<splash platform="android" src="package-assets/460x640.png" density="hdpi" width="480" height="640" orientation="portrait"/>
<splash platform="android" src="package-assets/320x470.png" density="mdpi" width="320" height="470" orientation="portrait"/>
<splash platform="android" src="package-assets/320x426.png" density="ldpi" width="320" height="426" orientation="portrait"/>
<intelxdk:plugin intelxdk:name="LightSensor" intelxdk:value="cordova-plugin-lightsensor" intelxdk:version="1.0.0" intelxdk:checksum="ac2575d8" intelxdk:type="file"/>
<intelxdk:plugin intelxdk:name="Insomnia (prevent screen sleep)" intelxdk:value="cordova-plugin-insomnia" intelxdk:version="4.3.0" intelxdk:checksum="7e9d40ba" intelxdk:type="file"/>
<intelxdk:plugin intelxdk:name="Splashscreen" intelxdk:value="cordova-plugin-splashscreen" intelxdk:version="3.2.2" intelxdk:checksum="47137083" intelxdk:type="file"/>
<intelxdk:plugin intelxdk:name="AdMob Plugin Pro" intelxdk:value="cordova-plugin-admobpro" intelxdk:version="2.28.3" intelxdk:checksum="379acb97" intelxdk:type="file"/>
<intelxdk:plugin intelxdk:name="Cordova Plugin Extension" intelxdk:value="cordova-plugin-extension" intelxdk:version="1.5.1" intelxdk:checksum="6a59c1f1" intelxdk:type="file"/>
<intelxdk:plugin intelxdk:name="StatusBar" intelxdk:value="cordova-plugin-statusbar" intelxdk:version="2.1.3" intelxdk:checksum="c0146fbc" intelxdk:type="file"/>
<intelxdk:plugin intelxdk:name="Cordova Network Whitelist Plugin (added by Intel XDK)" intelxdk:value="cordova-plugin-whitelist" intelxdk:version="1.2.2"/>
<preference name="android-minSdkVersion" value="14"/>
<preference name="android-targetSdkVersion" value="23"/>
<preference name="android-installLocation" value="auto"/>
<preference name="android-signed" value="true"/>
<preference name="Fullscreen" value="true"/>
<platform name="android">
<preference name="Orientation" value="portrait"/></platform>
<intelxdk:crosswalk version="19"/>
<preference name="splashscreen" value="splash"/>
<!--creationInfo:{"src":"","projectTypeName":"com.intel.xdk.projecttype.jsapp"}-->
<preference name="debuggable" value="false"/></widget>