<?xml version='1.0' encoding='UTF-8'?>
<widget xmlns="http://www.w3.org/ns/widgets" xmlns:intelxdk="http://xdk.intel.com/ns/v1" id="not.yet.specified" version="0.0.1">
<!--This file is generated by the Intel XDK. Do not edit this file as your edits will be lost.           -->
<!--To change the contents of this file, see the documentation on the intelxdk.config.additions.xml file.-->
<intelxdk:version value="1.1"/>
<intelxdk:cordova-cli version="6.2.0"/>
<name>theremin</name>
<content src="index.html"/>
<access origin="*"/>
<intelxdk:plugin intelxdk:name="LightSensor" intelxdk:value="cordova-plugin-lightsensor" intelxdk:version="1.0.0" intelxdk:checksum="ac2575d8" intelxdk:type="file"/>
<intelxdk:plugin intelxdk:name="Insomnia (prevent screen sleep)" intelxdk:value="cordova-plugin-insomnia" intelxdk:version="4.3.0" intelxdk:checksum="7e9d40ba" intelxdk:type="file"/>
<intelxdk:plugin intelxdk:name="Splashscreen" intelxdk:value="cordova-plugin-splashscreen" intelxdk:version="3.2.2" intelxdk:checksum="47137083" intelxdk:type="file"/>
<intelxdk:plugin intelxdk:name="AdMob Plugin Pro" intelxdk:value="cordova-plugin-admobpro" intelxdk:version="2.28.3" intelxdk:checksum="379acb97" intelxdk:type="file"/>
<intelxdk:plugin intelxdk:name="Cordova Plugin Extension" intelxdk:value="cordova-plugin-extension" intelxdk:version="1.5.1" intelxdk:checksum="6a59c1f1" intelxdk:type="file"/>
<intelxdk:plugin intelxdk:name="StatusBar" intelxdk:value="cordova-plugin-statusbar" intelxdk:version="2.1.3" intelxdk:checksum="c0146fbc" intelxdk:type="file"/>
<preference name="deployment-target" value="8.0"/>
<preference name="ios-configuration" value="adhoc"/>
<!--creationInfo:{"src":"","projectTypeName":"com.intel.xdk.projecttype.jsapp"}-->
<preference name="debuggable" value="false"/></widget>